rank,band,participant_id,tier,submission,rmse,mae,bias,shape,cluster_ari,gap_vs_lead,n_days,filename
1,1,5,T0,1,0.448,0.332,0.21,0.395,1.0,,76,Results_5_T0_1.csv
2,1,5,T3,1,0.503,0.422,-0.108,0.491,1.0,0.172,76,Results_5_T3_1.csv
3,2,50,T1,0,0.621,0.479,-0.262,0.563,1.0,,76,Results_50_T1_0.csv
4,2,22,T1,3,0.644,0.565,-0.327,0.555,1.0,0.392,76,Results_22_T1_3.csv
5,2,22,T3,5,0.667,0.589,-0.371,0.555,1.0,0.431,76,Results_22_T3_5.csv
6,2,50,T2,0,0.672,0.452,0.001,0.672,1.0,0.13,76,Results_50_T2_0.csv
7,2,50,T3,1,0.703,0.467,0.017,0.703,1.0,0.161,76,Results_50_T3_1.csv
8,2,22,T2,3,0.746,0.664,-0.499,0.555,1.0,0.538,76,Results_22_T2_3.csv
9,3,33,T0,0,1.058,0.943,0.015,1.058,1.0,,76,Results_33_T0_0.csv
10,3,4,T3,1,1.133,0.672,0.081,1.13,1.0,0.446,76,Results_4_T3_1.csv
11,3,50,T3,0,1.172,0.76,0.405,1.1,1.0,0.363,76,Results_50_T3_0.csv
12,4,33,T0,1,1.199,1.097,-0.04,1.199,1.0,,76,Results_33_T0_1.csv
13,4,50,T0,2,1.426,1.374,-0.655,1.266,1.0,0.663,76,Results_50_T0_2.csv
14,4,33,T3,4,1.441,1.27,-1.049,0.988,1.0,1.19,76,Results_33_T3_4.csv
15,4,33,T3,5,1.493,1.311,-1.119,0.988,1.0,1.256,76,Results_33_T3_5.csv
16,4,33,T3,1,1.576,1.491,-0.879,1.308,1.0,0.905,76,Results_33_T3_1.csv
17,4,22,T0,2,1.618,1.353,1.353,0.887,1.0,0.512,76,Results_22_T0_2.csv
18,4,50,T0,1,1.684,1.649,-0.657,1.551,1.0,0.549,76,Results_50_T0_1.csv
19,5,33,T3,3,2.579,2.527,-1.24,2.261,1.0,,76,Results_33_T3_3.csv
20,5,50,T1,1,2.642,2.531,2.531,0.761,1.0,0.792,76,Results_50_T1_1.csv
21,5,22,T1,1,2.831,2.739,2.739,0.717,1.0,1.251,76,Results_22_T1_1.csv
22,5,22,T2,1,2.838,2.742,2.742,0.731,1.0,1.273,76,Results_22_T2_1.csv
23,5,22,T3,4,2.962,2.751,2.751,1.097,1.0,1.616,76,Results_22_T3_4.csv
24,5,22,T3,3,2.972,2.892,2.892,0.687,1.0,1.212,76,Results_22_T3_3.csv
25,5,22,T2,2,2.982,2.772,2.772,1.099,1.0,1.619,76,Results_22_T2_2.csv
26,5,22,T1,2,3.045,2.782,2.782,1.237,1.0,1.81,76,Results_22_T1_2.csv
27,5,4,T3,0,2.731,2.008,1.503,2.281,0.797,2.574,76,Results_4_T3_0.csv
28,6,22,T1,0,4.092,3.995,3.995,0.887,1.0,1.287,76,Results_22_T1_0.csv
29,6,33,T3,2,3.135,3.043,-1.376,2.817,0.947,,76,Results_33_T3_2.csv
30,6,50,T0,0,3.924,3.619,-3.119,2.381,0.844,0.806,76,Results_50_T0_0.csv
31,7,22,T3,2,4.327,4.235,4.235,0.887,1.0,1.091,76,Results_22_T3_2.csv
32,7,22,T2,0,4.536,4.448,4.448,0.887,1.0,1.091,76,Results_22_T2_0.csv
33,7,22,T3,1,4.916,4.132,1.07,4.798,0.602,3.349,76,Results_22_T3_1.csv
34,7,22,T0,1,4.92,4.784,-0.661,4.876,0.602,1.42,76,Results_22_T0_1.csv
35,7,30,T0,1,4.345,3.678,0.859,4.259,0.426,2.843,76,Results_30_T0_1.csv
36,7,32,T3,2,4.202,4.188,-1.533,3.913,0.0,,76,Results_32_T3_2.csv
37,7,22,T3,0,4.574,3.374,1.637,4.271,-0.019,3.665,76,Results_22_T3_0.csv
38,7,32,T2,0,4.882,4.817,-0.971,4.784,0.0,1.026,76,Results_32_T2_0.csv
39,7,0,T0,0,4.996,4.023,1.389,4.798,0.0,3.71,76,Results_0_T0_0.csv
40,8,22,T0,0,5.344,3.803,2.175,4.881,0.602,4.653,76,Results_22_T0_0.csv
41,8,32,T3,0,5.022,5.009,-1.853,4.667,0.0,,76,Results_32_T3_0.csv
42,8,33,T3,0,5.282,5.253,-2.207,4.798,0.0,0.364,76,Results_33_T3_0.csv
43,8,35,T0,0,5.477,4.295,1.681,5.213,0.0,4.237,76,Results_35_T0_0.csv
44,8,30,T0,0,6.269,4.034,4.034,4.798,0.0,5.997,76,Results_30_T0_0.csv
45,8,5,T3,0,6.364,5.928,-4.18,4.798,0.0,2.783,76,Results_5_T3_0.csv
46,8,32,T3,1,6.96,6.171,-5.12,4.714,0.0,4.011,76,Results_32_T3_1.csv
47,8,5,T0,0,7.048,6.264,-5.162,4.798,0.0,4.024,76,Results_5_T0_0.csv
